{
  "analysis_date": "2026-03-06 11:29:45.327106",
  "n_categories": 15,
  "test_counts": [
    10,
    20,
    50
  ],
  "methods": {
    "CLIP": {
      "avg_slope": 0.9799327635870336,
      "min_slope": 0.8776207570399363,
      "max_slope": 1.041036739166967,
      "std_slope": 0.03960810832805192,
      "n_categories": 15,
      "complexity_class": "O(N)"
    },
    "DINO": {
      "avg_slope": 1.0104339561573663,
      "min_slope": 0.9746927782767484,
      "max_slope": 1.0730102183479937,
      "std_slope": 0.02822276335869226,
      "n_categories": 15,
      "complexity_class": "O(N)"
    },
    "Hybrid": {
      "avg_slope": 1.0796386245298428,
      "min_slope": 0.5771474951988171,
      "max_slope": 1.819997208362956,
      "std_slope": 0.3533276369564171,
      "n_categories": 15,
      "complexity_class": "O(N)"
    }
  }
}