method,n_images,runtime_s,category
CLIP,10,0.4298057556152344,tile
CLIP,20,0.8971261978149414,tile
CLIP,50,2.229120969772339,tile
DINO,10,4.102489709854126,tile
DINO,20,8.542260885238647,tile
DINO,50,21.452057600021362,tile
Hybrid,10,4.482051372528076,tile
Hybrid,20,8.667812824249268,tile
Hybrid,50,16.416878700256348,tile
