method,n_images,runtime_s,category
CLIP,10,0.4541966915130615,tile
CLIP,20,0.9097826480865479,tile
CLIP,50,2.2708663940429688,tile
DINO,10,4.597625017166138,tile
DINO,20,9.867344617843628,tile
DINO,50,24.21039366722107,tile
Hybrid,10,4.87351131439209,tile
Hybrid,20,9.588998556137085,tile
Hybrid,50,17.879271745681763,tile
