method,n_images,runtime_s,category
CLIP,10,0.5569469928741455,cable
CLIP,20,1.0531294345855713,cable
CLIP,50,2.684445858001709,cable
DINO,10,3.8815486431121826,cable
DINO,20,8.137071132659912,cable
DINO,50,20.394853830337524,cable
Hybrid,10,1.7132608890533447,cable
Hybrid,20,5.069305658340454,cable
Hybrid,50,10.045064926147461,cable
