method,n_images,runtime_s,category
CLIP,10,0.5192837715148926,carpet
CLIP,20,1.0792059898376465,carpet
CLIP,50,2.749912977218628,carpet
DINO,10,4.004403114318848,carpet
DINO,20,8.160620927810669,carpet
DINO,50,21.04947018623352,carpet
Hybrid,10,4.314954996109009,carpet
Hybrid,20,8.493674993515015,carpet
Hybrid,50,19.080485343933105,carpet
