method,n_images,runtime_s,category
CLIP,10,0.3315134048461914,grid
CLIP,20,0.6766424179077148,grid
CLIP,50,1.7120747566223145,grid
DINO,10,4.5018017292022705,grid
DINO,20,8.402805805206299,grid
DINO,50,20.541386127471924,grid
Hybrid,10,0.6327812671661377,grid
Hybrid,20,3.5688962936401367,grid
Hybrid,50,9.881651639938354,grid
