method,n_images,runtime_s,category
CLIP,10,0.33649468421936035,zipper
CLIP,20,0.6644623279571533,zipper
CLIP,50,1.580090045928955,zipper
DINO,10,3.8917601108551025,zipper
DINO,20,8.518810510635376,zipper
DINO,50,20.673625230789185,zipper
Hybrid,10,1.0221948623657227,zipper
Hybrid,20,2.9679789543151855,zipper
Hybrid,50,13.66981291770935,zipper
