method,n_images,runtime_s,category
CLIP,10,0.3617055416107178,bottle
CLIP,20,0.7302014827728271,bottle
CLIP,50,1.821192979812622,bottle
DINO,10,3.725308895111084,bottle
DINO,20,8.205426216125488,bottle
DINO,50,20.577012062072754,bottle
Hybrid,10,4.087276935577393,bottle
Hybrid,20,7.977815628051758,bottle
Hybrid,50,19.712138414382935,bottle
