method,n_images,runtime_s,category
CLIP,10,0.4986612796783447,leather
CLIP,20,1.0023152828216553,leather
CLIP,50,2.6378257274627686,leather
DINO,10,4.118459463119507,leather
DINO,20,8.538871049880981,leather
DINO,50,21.31743550300598,leather
Hybrid,10,4.423198699951172,leather
Hybrid,20,8.708656311035156,leather
Hybrid,50,21.61184024810791,leather
