method,n_images,runtime_s,category
CLIP,10,0.4167213439941406,zipper
CLIP,20,0.7612438201904297,zipper
CLIP,50,1.9066925048828125,zipper
DINO,10,4.478373765945435,zipper
DINO,20,8.831994771957397,zipper
DINO,50,21.699607133865356,zipper
Hybrid,10,1.2039704322814941,zipper
Hybrid,20,3.1190671920776367,zipper
Hybrid,50,14.654972553253174,zipper
