method,n_images,runtime_s,category
CLIP,10,0.37137293815612793,pill
CLIP,20,0.7593367099761963,pill
CLIP,50,1.890542984008789,pill
DINO,10,3.8909995555877686,pill
DINO,20,8.501891136169434,pill
DINO,50,22.317477703094482,pill
Hybrid,10,2.191164493560791,pill
Hybrid,20,3.072643995285034,pill
Hybrid,50,10.626063108444214,pill
