method,n_images,runtime_s,category
CLIP,10,0.34584689140319824,screw
CLIP,20,0.6867516040802002,screw
CLIP,50,1.7128994464874268,screw
DINO,10,4.634370803833008,screw
DINO,20,9.599060535430908,screw
DINO,50,23.691091775894165,screw
Hybrid,10,0.801368236541748,screw
Hybrid,20,1.5377490520477295,screw
Hybrid,50,5.4393322467803955,screw
