method,n_images,runtime_s,category
CLIP,10,0.4774646759033203,capsule
CLIP,20,0.9526960849761963,capsule
CLIP,50,2.4183993339538574,capsule
DINO,10,3.9448659420013428,capsule
DINO,20,8.052044153213501,capsule
DINO,50,21.347615003585815,capsule
Hybrid,10,2.1429100036621094,capsule
Hybrid,20,3.2946319580078125,capsule
Hybrid,50,9.72917890548706,capsule
