method,n_images,runtime_s,category
CLIP,10,0.36396265029907227,metal_nut
CLIP,20,0.6533875465393066,metal_nut
CLIP,50,1.491410493850708,metal_nut
DINO,10,3.892157793045044,metal_nut
DINO,20,8.204146146774292,metal_nut
DINO,50,20.895291328430176,metal_nut
Hybrid,10,1.1443591117858887,metal_nut
Hybrid,20,2.911043882369995,metal_nut
Hybrid,50,8.545957565307617,metal_nut
