method,n_images,runtime_s,category
CLIP,10,0.4973459243774414,wood
CLIP,20,1.024181604385376,wood
CLIP,50,2.658874273300171,wood
DINO,10,4.106452465057373,wood
DINO,20,8.49812912940979,wood
DINO,50,21.482190370559692,wood
Hybrid,10,4.447086811065674,wood
Hybrid,20,8.368936538696289,wood
Hybrid,50,14.74459981918335,wood
