method,n_images,runtime_s,category
CLIP,10,0.38776540756225586,pill
CLIP,20,0.771493673324585,pill
CLIP,50,1.9017415046691895,pill
DINO,10,4.058252334594727,pill
DINO,20,8.203188180923462,pill
DINO,50,20.59997820854187,pill
Hybrid,10,1.9694437980651855,pill
Hybrid,20,2.5929296016693115,pill
Hybrid,50,9.185808181762695,pill
