method,n_images,runtime_s,category
CLIP,10,0.5833063125610352,hazelnut
CLIP,20,1.1603999137878418,hazelnut
CLIP,50,2.8646841049194336,hazelnut
DINO,10,4.318634748458862,hazelnut
DINO,20,8.614205598831177,hazelnut
DINO,50,21.45794653892517,hazelnut
Hybrid,10,4.190865993499756,hazelnut
Hybrid,20,6.487441062927246,hazelnut
Hybrid,50,10.644588232040405,hazelnut
