method,n_images,runtime_s,category
CLIP,10,0.6820380687713623,carpet
CLIP,20,1.2876791954040527,carpet
CLIP,50,3.173053026199341,carpet
DINO,10,4.346424579620361,carpet
DINO,20,8.320226907730103,carpet
DINO,50,20.864603281021118,carpet
Hybrid,10,4.619062185287476,carpet
Hybrid,20,9.185759782791138,carpet
Hybrid,50,19.15822982788086,carpet
