method,n_images,runtime_s,category
CLIP,10,0.5295305252075195,leather
CLIP,20,1.040499210357666,leather
CLIP,50,2.722506284713745,leather
DINO,10,4.465228080749512,leather
DINO,20,8.603575468063354,leather
DINO,50,21.88533353805542,leather
Hybrid,10,4.812740325927734,leather
Hybrid,20,9.089146137237549,leather
Hybrid,50,21.551782608032227,leather
