method,n_images,runtime_s,category
CLIP,10,0.5674030780792236,transistor
CLIP,20,1.326927661895752,transistor
CLIP,50,3.0395874977111816,transistor
DINO,10,5.0277955532073975,transistor
DINO,20,8.88710331916809,transistor
DINO,50,22.596506118774414,transistor
Hybrid,10,2.8266520500183105,transistor
Hybrid,20,4.9289305210113525,transistor
Hybrid,50,9.99489450454712,transistor
