method,n_images,runtime_s,category
CLIP,10,0.46276354789733887,cable
CLIP,20,0.9359176158905029,cable
CLIP,50,2.380894422531128,cable
DINO,10,4.017817974090576,cable
DINO,20,8.162200689315796,cable
DINO,50,20.663687467575073,cable
Hybrid,10,1.6218414306640625,cable
Hybrid,20,4.9329118728637695,cable
Hybrid,50,9.188888788223267,cable
