method,n_images,runtime_s,category
CLIP,10,0.5648555755615234,capsule
CLIP,20,1.0739848613739014,capsule
CLIP,50,2.7078325748443604,capsule
DINO,10,4.188111782073975,capsule
DINO,20,8.774582624435425,capsule
DINO,50,20.971952438354492,capsule
Hybrid,10,1.940464973449707,capsule
Hybrid,20,3.0053274631500244,capsule
Hybrid,50,8.474039316177368,capsule
