method,n_images,runtime_s,category
CLIP,10,0.32666611671447754,bottle
CLIP,20,0.6566131114959717,bottle
CLIP,50,1.4941279888153076,bottle
DINO,10,3.6879467964172363,bottle
DINO,20,7.868736505508423,bottle
DINO,50,19.45376944541931,bottle
Hybrid,10,3.821979522705078,bottle
Hybrid,20,7.930408000946045,bottle
Hybrid,50,19.159190893173218,bottle
