method,n_images,runtime_s,category
CLIP,10,0.368222713470459,screw
CLIP,20,0.7001667022705078,screw
CLIP,50,1.7973179817199707,screw
DINO,10,3.9947092533111572,screw
DINO,20,8.209195852279663,screw
DINO,50,20.607451677322388,screw
Hybrid,10,0.7378637790679932,screw
Hybrid,20,1.4155616760253906,screw
Hybrid,50,5.010466575622559,screw
