method,n_images,runtime_s,category
CLIP,10,0.5726706981658936,toothbrush
CLIP,20,1.0971393585205078,toothbrush
DINO,10,4.564427614212036,toothbrush
DINO,20,9.466197490692139,toothbrush
Hybrid,10,1.029954433441162,toothbrush
Hybrid,20,4.214925765991211,toothbrush
