method,n_images,runtime_s,category
CLIP,10,0.5567927360534668,hazelnut
CLIP,20,1.0419492721557617,hazelnut
CLIP,50,2.684319019317627,hazelnut
DINO,10,4.144601345062256,hazelnut
DINO,20,9.138401508331299,hazelnut
DINO,50,22.026309490203857,hazelnut
Hybrid,10,4.082453727722168,hazelnut
Hybrid,20,6.450538158416748,hazelnut
Hybrid,50,10.88008189201355,hazelnut
