method,n_images,runtime_s,category
CLIP,10,0.4047219753265381,grid
CLIP,20,0.7630147933959961,grid
CLIP,50,1.9187517166137695,grid
DINO,10,4.334715366363525,grid
DINO,20,8.71911096572876,grid
DINO,50,21.497069120407104,grid
Hybrid,10,0.7453973293304443,grid
Hybrid,20,3.768747091293335,grid
Hybrid,50,10.592908143997192,grid
