method,n_images,runtime_s,category
CLIP,10,0.5921013355255127,wood
CLIP,20,1.1459801197052002,wood
CLIP,50,2.8529629707336426,wood
DINO,10,4.322761535644531,wood
DINO,20,8.961100339889526,wood
DINO,50,22.550477981567383,wood
Hybrid,10,4.672127723693848,wood
Hybrid,20,8.826955795288086,wood
Hybrid,50,15.621309757232666,wood
