method,n_images,runtime_s,category
CLIP,10,0.26659369468688965,metal_nut
CLIP,20,0.5446920394897461,metal_nut
CLIP,50,1.3548212051391602,metal_nut
DINO,10,3.6456186771392822,metal_nut
DINO,20,8.081045866012573,metal_nut
DINO,50,20.03437829017639,metal_nut
Hybrid,10,0.9634354114532471,metal_nut
Hybrid,20,2.820108413696289,metal_nut
Hybrid,50,7.91445517539978,metal_nut
