method,n_images,runtime_s,category
CLIP,10,0.538909912109375,transistor
CLIP,20,1.073972463607788,transistor
CLIP,50,2.8385887145996094,transistor
DINO,10,4.1719279289245605,transistor
DINO,20,8.819003820419312,transistor
DINO,50,21.494694709777832,transistor
Hybrid,10,2.8744168281555176,transistor
Hybrid,20,4.7611329555511475,transistor
Hybrid,50,9.568290948867798,transistor
