{
  "method": "dino_max",
  "total_runtime_s": 1171.5424151420593,
  "mean_auroc_img": 0.8554550154543045,
  "mean_auroc_pix_e2e": 0.9560986205725057,
  "mean_runtime_s": 78.10022064844767
}