{
  "method": "dino_max",
  "total_runtime_s": 806.3619866371155,
  "mean_auroc_img": 0.9767562591847337,
  "mean_auroc_pix_e2e": 0.9504282145803487,
  "mean_runtime_s": 53.75550498962402
}