quantile,mean_img,mean_pix_cond,mean_pix_e2e,mean_flag_rate
0.9,0.8258385594072901,0.9525561671686226,0.8272662466319681,0.5519982239606416
0.93,0.8258385594072901,0.9522195544403081,0.8130703717736432,0.5046501699229046
0.95,0.8258385594072901,0.9512127052696957,0.8037344309128543,0.4765560168761727
0.97,0.8258385594072901,0.9540623877615195,0.7878782650421348,0.4469401468902321
0.99,0.8258385594072901,0.9537829108441025,0.7673625551720239,0.39627491816395555
