quantile,mean_img,mean_pix_cond,mean_pix_e2e,mean_flag_rate,anomaly_pass_rate,normal_pass_rate,total_runtime_sec,per_image_ms,fps
0.93,0.8258210524044891,0.9435286145710489,0.8073000287473577,0.5046501699229046,0.6387199884149521,0.1549873474126784,473.4061686992645,274.4383586662403,3.6438054973800345
0.95,0.8258210524044891,0.9424008626590321,0.7980097332885117,0.4765560168761727,0.6102742609800228,0.1302016206872965,499.298556804657,289.44843872733736,3.4548467574979997
