{
  "method": "clip_only",
  "total_runtime_s": 114.77615427970886,
  "mean_auroc_img": 0.8258210524044891,
  "mean_runtime_s": 7.651576375961303
}