{
  "method": "clip_only",
  "total_runtime_s": 102.87418246269226,
  "mean_auroc_img": 0.8258210524044891,
  "mean_runtime_s": 6.857566769917806
}