{
  "method": "clip_only",
  "total_runtime_s": 113.08288669586182,
  "mean_auroc_img": 0.8258385594072901,
  "mean_runtime_s": 7.538623905181884
}