{
  "method": "clip_only",
  "total_runtime_s": 176.69723653793335,
  "mean_auroc_img": 0.8258385594072901,
  "mean_runtime_s": 11.779280424118042
}