{
  "method": "hybrid",
  "total_runtime_s": 524.2309858798981,
  "mean_auroc_img": 0.8258210524044891,
  "mean_auroc_pix_cond": 0.9435286145710489,
  "mean_auroc_pix_e2e": 0.8073000287473577,
  "mean_flag_rate": 0.5046501699229046,
  "mean_runtime_s": 34.9482672850291
}