{
  "method": "hybrid",
  "total_runtime_s": 804.2443068027496,
  "mean_auroc_img": 0.8258385594072901,
  "mean_auroc_pix_cond": 0.9522195544403081,
  "mean_auroc_pix_e2e": 0.8130703717736432,
  "mean_flag_rate": 0.5046501699229046,
  "mean_runtime_s": 53.61484227180481
}